Age,YearsExperience,YearsAtCompany,Department,EducationLevel,PerformanceRating,MonthlyHoursWorked,MonthlySalary,LogSalary,MonthlySalary_log
44,26,13,Sales,BSc,4,160,167000.0,12.025749091398891,12.025749091398891
38,18,0,Engineering,BSc,4,163,174000.0,12.066810578196666,12.066810578196666
46,24,3,Sales,Masters,5,159,223000.0,12.314927050442256,12.314927050442256
55,31,12,Engineering,SSCE,1,148,125000.0,11.736069016284437,11.736069016284437
37,17,11,HR,BSc,2,172,115000.0,11.652687407345388,11.652687407345388
37,16,0,Operations,BSc,4,178,118000.0,11.678439903447801,11.678439903447801
55,35,2,Engineering,SSCE,3,177,149000.0,11.911701584927597,11.911701584927597
47,26,4,Operations,Masters,3,182,151000.0,11.925035115797062,11.925035115797062
35,16,0,Marketing,BSc,4,174,141000.0,11.856515169360305,11.856515169360305
45,21,17,Sales,BSc,4,162,174000.0,12.066810578196666,12.066810578196666
35,16,12,Engineering,SSCE,5,182,177000.0,12.083905011555967,12.083905011555967
35,13,0,Marketing,BSc,5,149,163000.0,12.0015054797889,12.0015054797889
42,24,0,HR,BSc,4,156,130000.0,11.77528972943772,11.77528972943772
22,0,0,Finance,Masters,3,155,130000.0,11.77528972943772,11.77528972943772
22,4,4,Engineering,SSCE,4,170,129000.0,11.76756768334381,11.76756768334381
34,12,1,Engineering,BSc,1,184,137000.0,11.827736204810263,11.827736204810263
29,5,2,Sales,BSc,3,177,107000.0,11.580584113444043,11.580584113444043
43,19,2,Sales,Masters,4,186,199000.0,12.201060103706629,12.201060103706629
30,7,4,Engineering,BSc,3,156,148000.0,11.904967552746252,11.904967552746252
25,4,0,Sales,Masters,3,175,117000.0,11.669929213779893,11.669929213779893
54,33,1,HR,Masters,2,168,128000.0,11.759785542901755,11.759785542901755
37,13,13,Operations,Masters,4,182,171000.0,12.049418835484797,12.049418835484797
40,17,11,Sales,BSc,3,168,121000.0,11.703545824578878,11.703545824578878
25,7,7,Operations,BSc,4,164,114000.0,11.643953727376633,11.643953727376633
34,16,0,Sales,Masters,3,178,140000.0,11.84939770159144,11.84939770159144
41,20,1,Marketing,PhD,4,183,205000.0,12.230765258120545,12.230765258120545
28,6,4,Engineering,Masters,4,170,188000.0,12.144197241812087,12.144197241812087
43,21,1,Finance,BSc,3,169,158000.0,11.970350312009105,11.970350312009105
33,12,12,Operations,BSc,3,154,110000.0,11.608235644774552,11.608235644774552
37,11,5,Finance,BSc,3,140,136000.0,11.820410164718188,11.820410164718188
33,10,0,Sales,Masters,5,173,206000.0,12.235631447771718,12.235631447771718
58,30,11,Finance,BSc,4,179,224000.0,12.319401330837177,12.319401330837177
39,18,15,Engineering,BSc,5,173,239000.0,12.384218830913648,12.384218830913648
29,8,0,Operations,Masters,3,140,122000.0,11.711776323715394,11.711776323715394
48,24,3,Marketing,BSc,4,164,143000.0,11.870599909242044,11.870599909242044
27,9,1,Sales,Masters,4,140,155000.0,11.951180395901384,11.951180395901384
42,16,2,Marketing,BSc,3,190,139000.0,11.842229212112828,11.842229212112828
22,0,0,Finance,BSc,3,153,147000.0,11.898187865760873,11.898187865760873
26,4,4,Engineering,BSc,3,188,144000.0,11.877568578558138,11.877568578558138
41,22,15,Finance,Masters,2,184,213000.0,12.269047444691562,12.269047444691562
47,29,3,Engineering,SSCE,4,156,154000.0,11.944707881395766,11.944707881395766
41,17,0,Finance,BSc,4,153,162000.0,11.99535161421452,11.99535161421452
38,19,4,HR,PhD,3,175,163000.0,12.0015054797889,12.0015054797889
36,13,2,HR,BSc,3,157,96000.0,11.472103470449973,11.472103470449973
25,2,2,Marketing,BSc,3,171,94000.0,11.451050061252142,11.451050061252142
32,12,2,Marketing,BSc,3,162,104000.0,11.55214617812351,11.55214617812351
35,14,1,Engineering,BSc,3,170,151000.0,11.925035115797062,11.925035115797062
50,23,1,HR,Masters,4,140,169000.0,12.037653993905211,12.037653993905211
43,25,7,Sales,BSc,4,173,173000.0,12.061046873479915,12.061046873479915
22,4,1,Marketing,BSc,3,161,95000.0,11.461632170582678,11.461632170582678
43,19,7,Sales,BSc,3,161,138000.0,11.835008964139341,11.835008964139341
36,15,1,Engineering,Masters,3,180,209000.0,12.250089530946948,12.250089530946948
33,12,1,Finance,SSCE,2,170,113000.0,11.635143097694478,11.635143097694478
46,24,3,Engineering,BSc,4,165,195000.0,12.180754837545884,12.180754837545884
50,26,14,Finance,BSc,5,164,226000.0,12.328290278254423,12.328290278254423
49,24,13,Sales,BSc,3,177,154000.0,11.944707881395766,11.944707881395766
31,8,1,Engineering,BSc,4,149,167000.0,12.025749091398891,12.025749091398891
36,17,2,Marketing,BSc,4,173,135000.0,11.813030057420567,11.813030057420567
43,22,0,Engineering,Masters,4,178,237000.0,12.375815420117268,12.375815420117268
49,25,3,Sales,BSc,2,180,129000.0,11.76756768334381,11.76756768334381
35,15,3,Finance,PhD,5,140,290000.0,12.577636201962656,12.577636201962656
38,7,7,Engineering,PhD,3,158,183000.0,12.117241431823558,12.117241431823558
28,9,9,HR,BSc,3,156,103000.0,11.542484267211773,11.542484267211773
28,0,0,Engineering,SSCE,2,171,96000.0,11.472103470449973,11.472103470449973
48,24,3,Engineering,BSc,3,177,169000.0,12.037653993905211,12.037653993905211
53,27,11,Finance,Masters,2,192,206000.0,12.235631447771718,12.235631447771718
39,13,8,Sales,BSc,3,162,123000.0,11.719939634354555,11.719939634354555
50,31,0,Engineering,SSCE,3,162,136000.0,11.820410164718188,11.820410164718188
43,19,1,Sales,BSc,4,187,153000.0,11.938193200374572,11.938193200374572
33,12,2,Sales,Masters,4,174,158000.0,11.970350312009105,11.970350312009105
43,20,1,HR,Masters,3,189,151000.0,11.925035115797062,11.925035115797062
55,34,1,Sales,BSc,4,174,162000.0,11.99535161421452,11.99535161421452
39,17,0,HR,Masters,4,152,146000.0,11.891361900690473,11.891361900690473
55,29,5,Operations,BSc,4,150,141000.0,11.856515169360305,11.856515169360305
22,2,2,Sales,BSc,2,146,96000.0,11.472103470449973,11.472103470449973
48,24,0,Operations,Masters,4,179,165000.0,12.013700752882718,12.013700752882718
40,13,1,Sales,BSc,5,187,151000.0,11.925035115797062,11.925035115797062
37,13,8,Operations,BSc,4,197,138000.0,11.835008964139341,11.835008964139341
40,22,9,Engineering,SSCE,3,182,144000.0,11.877568578558138,11.877568578558138
22,2,2,Finance,Masters,3,187,144000.0,11.877568578558138,11.877568578558138
37,13,2,Marketing,Masters,4,161,176000.0,12.078239274020289,12.078239274020289
43,19,2,Sales,Masters,3,170,188000.0,12.144197241812087,12.144197241812087
54,31,1,Finance,Masters,2,182,182000.0,12.111761966058932,12.111761966058932
34,16,1,Finance,BSc,3,176,136000.0,11.820410164718188,11.820410164718188
31,10,1,Engineering,BSc,4,171,179000.0,12.095141084822892,12.095141084822892
34,13,0,Engineering,BSc,4,175,163000.0,12.0015054797889,12.0015054797889
49,30,2,Finance,SSCE,2,174,118000.0,11.678439903447801,11.678439903447801
43,21,12,Finance,BSc,5,189,241000.0,12.392552212472792,12.392552212472792
34,11,4,Operations,PhD,3,189,164000.0,12.007621706806335,12.007621706806335
45,22,2,HR,SSCE,4,178,113000.0,11.635143097694478,11.635143097694478
40,17,13,Operations,BSc,4,182,143000.0,11.870599909242044,11.870599909242044
49,26,0,Finance,BSc,4,177,187000.0,12.138863895836725,12.138863895836725
32,12,1,Sales,BSc,5,163,154000.0,11.944707881395766,11.944707881395766
36,14,2,Engineering,PhD,3,181,234000.0,12.363076394339839,12.363076394339839
36,16,4,HR,BSc,3,149,129000.0,11.76756768334381,11.76756768334381
25,2,0,Finance,BSc,2,185,119000.0,11.686878772093667,11.686878772093667
42,20,2,Engineering,Masters,4,152,245000.0,12.409013489526863,12.409013489526863
42,14,5,Sales,BSc,4,174,151000.0,11.925035115797062,11.925035115797062
40,20,5,Operations,BSc,4,157,135000.0,11.813030057420567,11.813030057420567
37,16,5,Marketing,BSc,3,178,128000.0,11.759785542901755,11.759785542901755
25,5,1,Sales,BSc,4,169,120000.0,11.695247021764184,11.695247021764184
35,4,0,Marketing,PhD,2,146,122000.0,11.711776323715394,11.711776323715394
36,18,2,Engineering,Masters,2,176,187000.0,12.138863895836725,12.138863895836725
31,8,0,Sales,BSc,4,161,126000.0,11.744037185933616,11.744037185933616
38,19,14,Sales,Masters,3,183,189000.0,12.14950229404178,12.14950229404178
44,18,3,Engineering,BSc,4,170,191000.0,12.160028707028767,12.160028707028767
58,37,1,HR,SSCE,3,175,88000.0,11.385092093460344,11.385092093460344
41,15,7,Sales,BSc,2,155,124000.0,11.728036844587175,11.728036844587175
42,18,3,HR,BSc,4,161,132000.0,11.790557201568507,11.790557201568507
39,21,1,Operations,BSc,3,163,116000.0,11.661345470088502,11.661345470088502
22,0,0,Engineering,Masters,3,170,145000.0,11.884489021402711,11.884489021402711
39,17,10,Finance,PhD,4,195,299000.0,12.608198852372823,12.608198852372823
40,20,5,Marketing,BSc,3,157,125000.0,11.736069016284437,11.736069016284437
64,43,0,Operations,BSc,4,186,130000.0,11.77528972943772,11.77528972943772
38,16,4,Engineering,SSCE,3,140,124000.0,11.728036844587175,11.728036844587175
43,22,7,Finance,SSCE,4,170,160000.0,11.982929094215963,11.982929094215963
39,21,2,Finance,BSc,4,155,194000.0,12.175613438045465,12.175613438045465
28,5,1,Sales,BSc,4,149,118000.0,11.678439903447801,11.678439903447801
51,29,10,Engineering,Masters,2,146,206000.0,12.235631447771718,12.235631447771718
47,28,0,Finance,BSc,4,176,198000.0,12.196022309676673,12.196022309676673
47,28,6,Finance,SSCE,4,166,158000.0,11.970350312009105,11.970350312009105
30,11,3,Sales,BSc,4,175,141000.0,11.856515169360305,11.856515169360305
54,33,2,Finance,BSc,3,180,154000.0,11.944707881395766,11.944707881395766
25,0,0,Sales,SSCE,4,173,90000.0,11.407564949312402,11.407564949312402
45,27,8,Finance,Masters,4,179,228000.0,12.337100907936577,12.337100907936577
61,35,2,Engineering,SSCE,2,168,123000.0,11.719939634354555,11.719939634354555
30,8,3,Operations,Masters,3,152,114000.0,11.643953727376633,11.643953727376633
34,9,5,Sales,BSc,4,185,133000.0,11.79810440720389,11.79810440720389
40,17,6,Sales,BSc,1,161,112000.0,11.626254150277232,11.626254150277232
34,12,12,Engineering,BSc,5,155,207000.0,12.240474072247506,12.240474072247506
24,2,2,Engineering,Masters,4,167,183000.0,12.117241431823558,12.117241431823558
40,19,2,Marketing,BSc,4,156,150000.0,11.918390573078392,11.918390573078392
29,11,11,Sales,Masters,3,163,138000.0,11.835008964139341,11.835008964139341
44,23,5,HR,SSCE,3,175,102000.0,11.532728092266408,11.532728092266408
30,7,1,Engineering,Masters,5,175,216000.0,12.283033686666302,12.283033686666302
55,35,0,Sales,BSc,3,156,137000.0,11.827736204810263,11.827736204810263
32,13,9,Sales,Masters,4,162,177000.0,12.083905011555967,12.083905011555967
36,10,2,Engineering,BSc,3,186,149000.0,11.911701584927597,11.911701584927597
48,27,2,Engineering,PhD,2,177,241000.0,12.392552212472792,12.392552212472792
27,7,3,Sales,BSc,1,201,103000.0,11.542484267211773,11.542484267211773
42,19,1,Marketing,SSCE,3,187,94000.0,11.451050061252142,11.451050061252142
53,35,4,Sales,SSCE,5,187,156000.0,11.957611286231675,11.957611286231675
23,0,0,Marketing,Masters,3,149,111000.0,11.617285480294472,11.617285480294472
41,19,2,Marketing,BSc,3,181,130000.0,11.77528972943772,11.77528972943772
42,19,3,Engineering,Masters,3,169,228000.0,12.337100907936577,12.337100907936577
47,25,2,Marketing,BSc,3,161,122000.0,11.711776323715394,11.711776323715394
27,1,1,Operations,BSc,3,172,89000.0,11.396391648714276,11.396391648714276
26,0,0,Marketing,SSCE,4,184,82000.0,11.314474526246391,11.314474526246391
45,27,7,Finance,PhD,3,177,262000.0,12.476099782743233,12.476099782743233
42,17,0,Sales,Masters,3,156,151000.0,11.925035115797062,11.925035115797062
42,17,1,HR,PhD,2,181,151000.0,11.925035115797062,11.925035115797062
43,14,3,HR,BSc,3,160,154000.0,11.944707881395766,11.944707881395766
33,9,2,Marketing,Masters,3,173,133000.0,11.79810440720389,11.79810440720389
42,16,9,Operations,Masters,2,165,124000.0,11.728036844587175,11.728036844587175
42,24,9,Engineering,BSc,3,166,204000.0,12.225875272826354,12.225875272826354
32,13,1,Engineering,Masters,3,181,191000.0,12.160028707028767,12.160028707028767
58,33,2,HR,PhD,3,154,179000.0,12.095141084822892,12.095141084822892
44,26,3,HR,Masters,3,199,147000.0,11.898187865760873,11.898187865760873
28,8,0,Engineering,Masters,4,170,203000.0,12.220961258023925,12.220961258023925
46,23,0,Sales,BSc,2,161,116000.0,11.661345470088502,11.661345470088502
30,0,0,Engineering,BSc,4,175,136000.0,11.820410164718188,11.820410164718188
47,29,1,Sales,PhD,4,178,220000.0,12.301382825334498,12.301382825334498
51,24,1,HR,SSCE,3,168,92000.0,11.429543856031177,11.429543856031177
31,4,0,Marketing,Masters,3,169,115000.0,11.652687407345388,11.652687407345388
49,30,13,Sales,Masters,3,176,187000.0,12.138863895836725,12.138863895836725
44,26,4,Sales,Masters,4,166,185000.0,12.128111104060462,12.128111104060462
48,30,5,Engineering,PhD,3,190,261000.0,12.47227568630483,12.47227568630483
58,37,2,Sales,BSc,3,182,150000.0,11.918390573078392,11.918390573078392
37,16,2,Finance,BSc,3,183,148000.0,11.904967552746252,11.904967552746252
32,12,4,Operations,SSCE,5,155,113000.0,11.635143097694478,11.635143097694478
31,11,0,HR,BSc,3,168,99000.0,11.502875129116727,11.502875129116727
31,9,1,Engineering,BSc,5,165,190000.0,12.154779351142624,12.154779351142624
39,17,8,Operations,BSc,3,154,118000.0,11.678439903447801,11.678439903447801
43,20,7,HR,Masters,2,175,141000.0,11.856515169360305,11.856515169360305
42,17,2,HR,PhD,3,161,157000.0,11.964001084330445,11.964001084330445
48,25,2,Marketing,BSc,3,179,135000.0,11.813030057420567,11.813030057420567
40,12,3,Sales,BSc,3,153,113000.0,11.635143097694478,11.635143097694478
54,31,0,Sales,PhD,1,195,160000.0,11.982929094215963,11.982929094215963
37,12,1,Engineering,SSCE,5,156,183000.0,12.117241431823558,12.117241431823558
65,39,1,Engineering,SSCE,4,173,148000.0,11.904967552746252,11.904967552746252
46,24,2,Engineering,BSc,4,181,184000.0,12.122691036591123,12.122691036591123
31,13,8,Marketing,BSc,2,161,117000.0,11.669929213779893,11.669929213779893
29,9,1,Finance,BSc,2,182,117000.0,11.669929213779893,11.669929213779893
44,17,1,Marketing,PhD,2,151,160000.0,11.982929094215963,11.982929094215963
37,12,3,Engineering,BSc,4,191,199000.0,12.201060103706629,12.201060103706629
47,27,10,Operations,BSc,5,170,157000.0,11.964001084330445,11.964001084330445
44,19,1,Operations,BSc,3,161,102000.0,11.532728092266408,11.532728092266408
39,16,0,HR,BSc,2,165,95000.0,11.461632170582678,11.461632170582678
31,10,2,Operations,Masters,3,182,127000.0,11.751942365440728,11.751942365440728
24,0,0,Marketing,Masters,3,161,111000.0,11.617285480294472,11.617285480294472
35,13,4,Operations,Masters,3,158,124000.0,11.728036844587175,11.728036844587175
48,21,8,Engineering,BSc,4,166,215000.0,12.2783933071098,12.2783933071098
42,18,16,Sales,PhD,4,152,262000.0,12.476099782743233,12.476099782743233
27,5,5,Engineering,Masters,3,197,177000.0,12.083905011555967,12.083905011555967
41,14,4,Engineering,Masters,1,161,159000.0,11.976659481202368,11.976659481202368
43,22,3,Engineering,SSCE,5,182,167000.0,12.025749091398891,12.025749091398891
31,8,0,Finance,SSCE,3,170,101000.0,11.522875795823397,11.522875795823397
41,20,20,HR,BSc,2,170,127000.0,11.751942365440728,11.751942365440728
40,18,2,Marketing,Masters,2,169,138000.0,11.835008964139341,11.835008964139341
28,10,0,Engineering,BSc,1,181,123000.0,11.719939634354555,11.719939634354555
43,21,5,HR,BSc,3,167,127000.0,11.751942365440728,11.751942365440728
45,21,1,Finance,Masters,4,187,240000.0,12.388394202324129,12.388394202324129
50,28,4,Sales,Masters,3,185,166000.0,12.01974306733868,12.01974306733868
50,29,4,Finance,PhD,3,183,255000.0,12.449018824140563,12.449018824140563
26,4,2,Sales,BSc,4,163,121000.0,11.703545824578878,11.703545824578878
30,8,8,Sales,Masters,3,153,141000.0,11.856515169360305,11.856515169360305
45,20,1,Operations,BSc,4,170,138000.0,11.835008964139341,11.835008964139341
45,21,2,Sales,BSc,4,172,156000.0,11.957611286231675,11.957611286231675
45,18,3,Marketing,BSc,1,178,117000.0,11.669929213779893,11.669929213779893
65,47,5,Operations,BSc,4,140,127000.0,11.751942365440728,11.751942365440728
45,19,7,Finance,BSc,3,169,163000.0,12.0015054797889,12.0015054797889
51,26,2,Engineering,Masters,5,172,276000.0,12.528156144699286,12.528156144699286
49,24,5,Engineering,SSCE,3,165,143000.0,11.870599909242044,11.870599909242044
46,26,0,Engineering,Masters,5,189,295000.0,12.594730635321957,12.594730635321957
36,13,13,Finance,BSc,4,176,187000.0,12.138863895836725,12.138863895836725
47,28,2,Sales,BSc,3,189,128000.0,11.759785542901755,11.759785542901755
32,7,6,Engineering,BSc,3,166,150000.0,11.918390573078392,11.918390573078392
37,15,0,Operations,BSc,5,184,152000.0,11.931635799828413,11.931635799828413
35,10,1,Marketing,BSc,4,194,114000.0,11.643953727376633,11.643953727376633
40,22,3,Engineering,BSc,2,189,167000.0,12.025749091398891,12.025749091398891
63,37,10,Marketing,BSc,4,153,143000.0,11.870599909242044,11.870599909242044
22,0,0,Finance,SSCE,3,166,88000.0,11.385092093460344,11.385092093460344
46,25,13,Engineering,BSc,1,164,153000.0,11.938193200374572,11.938193200374572
23,2,2,Sales,PhD,3,177,152000.0,11.931635799828413,11.931635799828413
35,12,3,HR,BSc,3,180,106000.0,11.571194373094205,11.571194373094205
50,27,0,Marketing,Masters,3,170,158000.0,11.970350312009105,11.970350312009105
40,18,8,Marketing,Masters,3,171,163000.0,12.0015054797889,12.0015054797889
29,6,1,Sales,PhD,4,140,163000.0,12.0015054797889,12.0015054797889
32,12,11,Engineering,Masters,1,191,175000.0,12.072541252905651,12.072541252905651
46,28,12,Engineering,BSc,3,162,179000.0,12.095141084822892,12.095141084822892
32,8,8,Sales,Masters,3,170,140000.0,11.84939770159144,11.84939770159144
42,15,3,Engineering,Masters,3,170,197000.0,12.190959007720126,12.190959007720126
40,17,5,Engineering,BSc,2,187,167000.0,12.025749091398891,12.025749091398891
33,15,7,HR,BSc,2,140,115000.0,11.652687407345388,11.652687407345388
61,36,0,Operations,SSCE,3,169,91000.0,11.418614785498987,11.418614785498987
46,28,4,HR,Masters,3,168,145000.0,11.884489021402711,11.884489021402711
22,4,0,Operations,Masters,3,163,103000.0,11.542484267211773,11.542484267211773
41,17,3,Engineering,SSCE,3,195,137000.0,11.827736204810263,11.827736204810263
33,12,0,Operations,BSc,4,156,118000.0,11.678439903447801,11.678439903447801
48,30,1,Engineering,BSc,5,181,230000.0,12.345834587905333,12.345834587905333
32,8,2,Operations,SSCE,3,175,71000.0,11.170435156023453,11.170435156023453
38,15,2,Operations,PhD,3,188,162000.0,11.99535161421452,11.99535161421452
45,21,4,Finance,BSc,2,159,158000.0,11.970350312009105,11.970350312009105
48,22,0,Operations,SSCE,5,159,119000.0,11.686878772093667,11.686878772093667
27,3,3,Marketing,BSc,2,186,87000.0,11.37366339763672,11.37366339763672
36,10,1,Sales,Masters,3,176,149000.0,11.911701584927597,11.911701584927597
35,13,4,Sales,SSCE,3,146,101000.0,11.522875795823397,11.522875795823397
33,8,5,Marketing,Masters,3,161,127000.0,11.751942365440728,11.751942365440728
57,35,4,Engineering,BSc,2,175,157000.0,11.964001084330445,11.964001084330445
44,17,6,Finance,SSCE,4,182,144000.0,11.877568578558138,11.877568578558138
27,5,2,Operations,BSc,2,159,92000.0,11.429543856031177,11.429543856031177
49,29,7,Engineering,BSc,4,140,206000.0,12.235631447771718,12.235631447771718
61,33,2,HR,BSc,2,177,109000.0,11.59910316121128,11.59910316121128
50,29,3,Operations,PhD,2,170,164000.0,12.007621706806335,12.007621706806335
24,5,5,Operations,Masters,5,140,146000.0,11.891361900690473,11.891361900690473
35,9,0,Operations,PhD,2,140,141000.0,11.856515169360305,11.856515169360305
52,34,5,Marketing,BSc,4,182,161000.0,11.9891596439666,11.9891596439666
32,11,4,Operations,PhD,3,171,147000.0,11.898187865760873,11.898187865760873
44,19,1,HR,BSc,2,166,105000.0,11.56171562913966,11.56171562913966
47,24,0,Engineering,BSc,5,190,201000.0,12.211060187041213,12.211060187041213
30,9,0,Marketing,SSCE,3,179,78000.0,11.26446410567173,11.26446410567173
39,17,12,Finance,SSCE,4,194,150000.0,11.918390573078392,11.918390573078392
22,1,1,Engineering,Masters,2,149,140000.0,11.84939770159144,11.84939770159144
29,4,0,Finance,BSc,4,169,139000.0,11.842229212112828,11.842229212112828
37,15,2,Finance,BSc,1,145,118000.0,11.678439903447801,11.678439903447801
27,0,0,Engineering,Masters,3,166,141000.0,11.856515169360305,11.856515169360305
56,33,9,Marketing,BSc,3,166,158000.0,11.970350312009105,11.970350312009105
25,0,0,HR,BSc,5,179,115000.0,11.652687407345388,11.652687407345388
35,10,1,Marketing,BSc,5,170,131000.0,11.782952602183288,11.782952602183288
41,22,11,Engineering,Masters,4,179,258000.0,12.460714863903755,12.460714863903755
54,35,0,Engineering,Masters,4,180,218000.0,12.292250341771226,12.292250341771226
25,4,1,Sales,BSc,2,202,106000.0,11.571194373094205,11.571194373094205
51,25,15,Operations,BSc,3,165,137000.0,11.827736204810263,11.827736204810263
40,17,4,Engineering,BSc,3,155,158000.0,11.970350312009105,11.970350312009105
30,11,1,Finance,Masters,3,173,162000.0,11.99535161421452,11.99535161421452
44,22,0,Engineering,BSc,3,157,162000.0,11.99535161421452,11.99535161421452
41,23,0,Sales,BSc,3,192,120000.0,11.695247021764184,11.695247021764184
33,12,1,HR,SSCE,2,165,79000.0,11.27720313144916,11.27720313144916
40,18,10,Finance,BSc,4,161,191000.0,12.160028707028767,12.160028707028767
36,13,2,Engineering,BSc,2,162,152000.0,11.931635799828413,11.931635799828413
41,19,6,Sales,Masters,3,180,159000.0,11.976659481202368,11.976659481202368
46,23,12,Engineering,BSc,3,167,182000.0,12.111761966058932,12.111761966058932
55,35,2,Marketing,BSc,4,160,133000.0,11.79810440720389,11.79810440720389
27,7,1,Finance,Masters,4,194,176000.0,12.078239274020289,12.078239274020289
61,36,3,Engineering,Masters,4,157,222000.0,12.310432660854417,12.310432660854417
22,0,0,Sales,BSc,2,170,94000.0,11.451050061252142,11.451050061252142
38,10,8,Sales,BSc,3,179,119000.0,11.686878772093667,11.686878772093667
45,24,0,Operations,BSc,2,145,109000.0,11.59910316121128,11.59910316121128
42,16,5,Operations,PhD,3,170,162000.0,11.99535161421452,11.99535161421452
33,4,4,Engineering,SSCE,3,154,100000.0,11.512925464970229,11.512925464970229
37,16,11,HR,PhD,1,182,148000.0,11.904967552746252,11.904967552746252
35,17,0,Sales,Masters,3,155,155000.0,11.951180395901384,11.951180395901384
34,11,3,Sales,BSc,5,170,152000.0,11.931635799828413,11.931635799828413
48,28,10,HR,SSCE,5,186,144000.0,11.877568578558138,11.877568578558138
43,21,2,Operations,BSc,3,182,114000.0,11.643953727376633,11.643953727376633
33,10,3,Operations,BSc,1,173,84000.0,11.33857207782545,11.33857207782545
48,28,0,Marketing,BSc,2,166,120000.0,11.695247021764184,11.695247021764184
43,20,2,Sales,Masters,3,161,154000.0,11.944707881395766,11.944707881395766
48,26,2,HR,PhD,5,192,231000.0,12.35017298950393,12.35017298950393
46,24,14,Sales,BSc,2,159,140000.0,11.84939770159144,11.84939770159144
31,6,1,Marketing,Masters,4,154,137000.0,11.827736204810263,11.827736204810263
34,14,2,Sales,SSCE,2,179,84000.0,11.33857207782545,11.33857207782545
47,24,5,Finance,BSc,5,158,203000.0,12.220961258023925,12.220961258023925
46,21,0,Engineering,SSCE,3,155,137000.0,11.827736204810263,11.827736204810263
39,18,3,Engineering,Masters,4,148,241000.0,12.392552212472792,12.392552212472792
41,16,6,Operations,PhD,3,162,157000.0,11.964001084330445,11.964001084330445
52,30,10,Engineering,Masters,4,168,251000.0,12.43320821811392,12.43320821811392
34,11,4,Marketing,SSCE,2,173,87000.0,11.37366339763672,11.37366339763672
45,26,5,Engineering,BSc,2,184,176000.0,12.078239274020289,12.078239274020289
37,16,0,Engineering,BSc,5,177,193000.0,12.170445467887022,12.170445467887022
37,14,14,Engineering,BSc,5,167,225000.0,12.323855681186558,12.323855681186558
50,30,0,Engineering,Masters,4,167,227000.0,12.332705296463539,12.332705296463539
48,30,7,Operations,Masters,4,177,177000.0,12.083905011555967,12.083905011555967
48,27,1,Sales,Masters,4,189,212000.0,12.26434155365415,12.26434155365415
53,31,13,Operations,BSc,2,171,122000.0,11.711776323715394,11.711776323715394
40,14,6,Marketing,BSc,3,162,111000.0,11.617285480294472,11.617285480294472
46,20,7,Sales,SSCE,3,155,115000.0,11.652687407345388,11.652687407345388
36,13,1,Marketing,BSc,4,148,137000.0,11.827736204810263,11.827736204810263
43,19,2,Marketing,BSc,3,179,126000.0,11.744037185933616,11.744037185933616
38,15,4,HR,Masters,2,178,122000.0,11.711776323715394,11.711776323715394
40,18,7,Sales,Masters,3,178,175000.0,12.072541252905651,12.072541252905651
45,24,0,Sales,SSCE,4,168,126000.0,11.744037185933616,11.744037185933616
31,8,8,Operations,BSc,3,191,100000.0,11.512925464970229,11.512925464970229
60,39,11,Operations,BSc,2,162,122000.0,11.711776323715394,11.711776323715394
29,7,1,Operations,BSc,2,184,96000.0,11.472103470449973,11.472103470449973
27,0,0,Sales,Masters,3,169,120000.0,11.695247021764184,11.695247021764184
51,26,3,HR,SSCE,3,160,93000.0,11.440354772135393,11.440354772135393
47,24,3,Marketing,BSc,4,178,145000.0,11.884489021402711,11.884489021402711
46,20,1,Marketing,BSc,4,176,153000.0,11.938193200374572,11.938193200374572
46,25,4,Engineering,Masters,4,175,228000.0,12.337100907936577,12.337100907936577
39,21,6,Marketing,BSc,3,170,134000.0,11.805595078933049,11.805595078933049
31,12,2,Engineering,BSc,4,169,162000.0,11.99535161421452,11.99535161421452
40,17,4,Sales,BSc,3,205,144000.0,11.877568578558138,11.877568578558138
33,15,6,Operations,Masters,3,187,136000.0,11.820410164718188,11.820410164718188
49,27,6,Engineering,PhD,4,180,317000.0,12.666657052859417,12.666657052859417
38,14,0,Engineering,BSc,2,171,150000.0,11.918390573078392,11.918390573078392
31,7,7,Engineering,Masters,2,185,159000.0,11.976659481202368,11.976659481202368
36,13,3,Operations,PhD,4,177,190000.0,12.154779351142624,12.154779351142624
44,20,1,Marketing,PhD,3,170,194000.0,12.175613438045465,12.175613438045465
34,12,1,Sales,Masters,4,165,170000.0,12.043553716032399,12.043553716032399
31,9,2,HR,Masters,1,168,98000.0,11.49272275765271,11.49272275765271
42,20,10,HR,BSc,4,140,142000.0,11.863582336583399,11.863582336583399
42,21,2,Sales,Masters,3,173,164000.0,12.007621706806335,12.007621706806335
34,15,6,Finance,BSc,2,162,142000.0,11.863582336583399,11.863582336583399
35,15,0,HR,Masters,4,193,163000.0,12.0015054797889,12.0015054797889
42,15,3,Finance,BSc,3,170,153000.0,11.938193200374572,11.938193200374572
25,0,0,Engineering,Masters,3,152,123000.0,11.719939634354555,11.719939634354555
25,5,2,Operations,Masters,2,169,110000.0,11.608235644774552,11.608235644774552
32,5,1,Marketing,SSCE,2,154,73000.0,11.198214720130528,11.198214720130528
37,14,3,Sales,Masters,3,177,150000.0,11.918390573078392,11.918390573078392
43,17,1,Sales,BSc,2,170,120000.0,11.695247021764184,11.695247021764184
54,26,2,Engineering,Masters,5,184,293000.0,12.587927887999204,12.587927887999204
48,27,7,Engineering,BSc,1,158,160000.0,11.982929094215963,11.982929094215963
38,18,7,HR,BSc,3,170,121000.0,11.703545824578878,11.703545824578878
39,15,1,Engineering,PhD,2,170,210000.0,12.254862809699606,12.254862809699606
29,0,0,Sales,BSc,3,180,95000.0,11.461632170582678,11.461632170582678
39,15,4,Marketing,Masters,5,177,195000.0,12.180754837545884,12.180754837545884
37,16,2,Engineering,BSc,2,177,148000.0,11.904967552746252,11.904967552746252
43,16,3,Operations,BSc,5,170,155000.0,11.951180395901384,11.951180395901384
31,9,4,Engineering,BSc,3,176,151000.0,11.925035115797062,11.925035115797062
45,22,4,Sales,BSc,3,194,175000.0,12.072541252905651,12.072541252905651
55,34,3,Sales,BSc,3,165,144000.0,11.877568578558138,11.877568578558138
38,16,3,Engineering,SSCE,4,172,145000.0,11.884489021402711,11.884489021402711
44,19,2,Engineering,BSc,3,153,171000.0,12.049418835484797,12.049418835484797
46,27,8,Finance,SSCE,3,156,130000.0,11.77528972943772,11.77528972943772
35,12,3,Operations,PhD,2,171,149000.0,11.911701584927597,11.911701584927597
42,19,0,Engineering,PhD,2,186,224000.0,12.319401330837177,12.319401330837177
40,15,7,Finance,BSc,5,170,202000.0,12.216022976383341,12.216022976383341
40,16,13,Finance,Masters,3,166,205000.0,12.230765258120545,12.230765258120545
32,7,7,HR,BSc,3,163,86000.0,11.362102575235644,11.362102575235644
40,17,2,Sales,Masters,4,161,162000.0,11.99535161421452,11.99535161421452
44,26,0,Sales,Masters,3,174,158000.0,11.970350312009105,11.970350312009105
54,27,3,Sales,PhD,5,147,264000.0,12.483704382128453,12.483704382128453
49,22,0,Finance,BSc,4,189,183000.0,12.117241431823558,12.117241431823558
61,43,13,HR,Masters,3,160,142000.0,11.863582336583399,11.863582336583399
32,9,1,Engineering,BSc,4,180,159000.0,11.976659481202368,11.976659481202368
48,23,1,Sales,PhD,1,150,165000.0,12.013700752882718,12.013700752882718
41,22,2,Operations,SSCE,3,180,97000.0,11.48246625748552,11.48246625748552
61,37,2,HR,Masters,3,180,142000.0,11.863582336583399,11.863582336583399
31,13,7,Operations,Masters,3,175,141000.0,11.856515169360305,11.856515169360305
31,11,3,HR,Masters,4,155,144000.0,11.877568578558138,11.877568578558138
34,10,0,Sales,SSCE,5,173,118000.0,11.678439903447801,11.678439903447801
22,4,1,Marketing,PhD,3,152,136000.0,11.820410164718188,11.820410164718188
34,10,3,Finance,BSc,3,166,130000.0,11.77528972943772,11.77528972943772
32,12,0,Engineering,Masters,5,185,243000.0,12.400816722322686,12.400816722322686
41,19,4,Marketing,BSc,3,181,135000.0,11.813030057420567,11.813030057420567
43,24,4,Finance,BSc,3,170,171000.0,12.049418835484797,12.049418835484797
58,40,6,Engineering,BSc,3,155,189000.0,12.14950229404178,12.14950229404178
49,27,2,HR,BSc,3,179,174000.0,12.066810578196666,12.066810578196666
34,9,9,Marketing,BSc,3,170,121000.0,11.703545824578878,11.703545824578878
31,10,10,Operations,BSc,4,140,122000.0,11.711776323715394,11.711776323715394
44,19,1,Engineering,BSc,4,181,209000.0,12.250089530946948,12.250089530946948
26,8,0,Sales,Masters,3,169,132000.0,11.790557201568507,11.790557201568507
58,36,2,Finance,Masters,3,188,203000.0,12.220961258023925,12.220961258023925
51,27,11,Sales,SSCE,4,153,144000.0,11.877568578558138,11.877568578558138
35,13,13,Finance,BSc,3,140,159000.0,11.976659481202368,11.976659481202368
22,0,0,HR,SSCE,4,174,77000.0,11.251560700835821,11.251560700835821
53,28,0,Engineering,SSCE,5,174,194000.0,12.175613438045465,12.175613438045465
38,19,14,Marketing,Masters,4,144,189000.0,12.14950229404178,12.14950229404178
52,28,2,Marketing,Masters,4,155,161000.0,11.9891596439666,11.9891596439666
24,0,0,Sales,BSc,4,211,125000.0,11.736069016284437,11.736069016284437
34,13,2,Operations,BSc,3,165,118000.0,11.678439903447801,11.678439903447801
40,21,0,HR,SSCE,3,180,94000.0,11.451050061252142,11.451050061252142
40,20,3,Finance,Masters,3,160,196000.0,12.185869938212655,12.185869938212655
35,15,2,Finance,PhD,3,140,208000.0,12.245293358683455,12.245293358683455
46,21,3,Marketing,SSCE,4,167,111000.0,11.617285480294472,11.617285480294472
29,2,2,Operations,BSc,3,166,88000.0,11.385092093460344,11.385092093460344
38,20,10,Finance,Masters,4,164,219000.0,12.296827008798639,12.296827008798639
41,18,5,Finance,PhD,3,168,230000.0,12.345834587905333,12.345834587905333
45,22,2,Operations,BSc,4,173,137000.0,11.827736204810263,11.827736204810263
47,28,8,Sales,SSCE,2,167,107000.0,11.580584113444043,11.580584113444043
28,7,7,HR,SSCE,4,151,84000.0,11.33857207782545,11.33857207782545
24,3,0,Engineering,BSc,3,170,138000.0,11.835008964139341,11.835008964139341
52,34,3,Sales,BSc,3,140,136000.0,11.820410164718188,11.820410164718188
43,19,1,Sales,SSCE,3,140,112000.0,11.626254150277232,11.626254150277232
32,12,0,Operations,BSc,4,181,117000.0,11.669929213779893,11.669929213779893
55,33,5,Operations,SSCE,3,177,93000.0,11.440354772135393,11.440354772135393
41,19,9,Finance,Masters,3,169,208000.0,12.245293358683455,12.245293358683455
51,33,0,Finance,BSc,5,149,210000.0,12.254862809699606,12.254862809699606
40,19,8,Marketing,SSCE,4,159,113000.0,11.635143097694478,11.635143097694478
60,39,9,Operations,BSc,5,166,181000.0,12.106252310247962,12.106252310247962
57,38,12,Marketing,BSc,3,146,133000.0,11.79810440720389,11.79810440720389
37,13,1,Sales,PhD,3,158,156000.0,11.957611286231675,11.957611286231675
49,24,11,Engineering,BSc,4,170,231000.0,12.35017298950393,12.35017298950393
46,20,1,HR,BSc,3,191,115000.0,11.652687407345388,11.652687407345388
53,25,4,Finance,Masters,4,163,220000.0,12.301382825334498,12.301382825334498
30,12,0,Sales,BSc,3,181,108000.0,11.589886506106357,11.589886506106357
46,20,0,Engineering,PhD,3,141,260000.0,12.468436909997665,12.468436909997665
50,27,6,HR,BSc,2,179,109000.0,11.59910316121128,11.59910316121128
22,0,0,Engineering,BSc,3,157,119000.0,11.686878772093667,11.686878772093667
28,6,1,Finance,SSCE,1,174,92000.0,11.429543856031177,11.429543856031177
22,2,1,Operations,BSc,3,166,75000.0,11.225243392518447,11.225243392518447
37,17,5,Sales,Masters,5,189,219000.0,12.296827008798639,12.296827008798639
47,23,0,Engineering,Masters,3,156,183000.0,12.117241431823558,12.117241431823558
55,32,8,Finance,BSc,4,179,191000.0,12.160028707028767,12.160028707028767
40,18,0,HR,BSc,4,165,129000.0,11.76756768334381,11.76756768334381
56,33,1,Marketing,Masters,3,167,144000.0,11.877568578558138,11.877568578558138
26,8,2,Operations,PhD,2,167,134000.0,11.805595078933049,11.805595078933049
22,1,1,Engineering,SSCE,4,157,116000.0,11.661345470088502,11.661345470088502
39,19,2,Marketing,BSc,4,169,150000.0,11.918390573078392,11.918390573078392
43,22,2,Finance,BSc,4,169,173000.0,12.061046873479915,12.061046873479915
39,20,16,Operations,Masters,4,173,205000.0,12.230765258120545,12.230765258120545
22,0,0,Engineering,SSCE,5,171,135000.0,11.813030057420567,11.813030057420567
39,13,0,HR,BSc,3,181,105000.0,11.56171562913966,11.56171562913966
26,5,2,Marketing,Masters,3,183,127000.0,11.751942365440728,11.751942365440728
46,22,10,Sales,SSCE,4,154,149000.0,11.911701584927597,11.911701584927597
43,19,1,Engineering,BSc,2,183,149000.0,11.911701584927597,11.911701584927597
30,9,0,Operations,BSc,4,152,109000.0,11.59910316121128,11.59910316121128
34,15,7,Engineering,BSc,2,178,141000.0,11.856515169360305,11.856515169360305
29,7,2,Sales,BSc,3,179,114000.0,11.643953727376633,11.643953727376633
39,17,4,Sales,BSc,4,141,153000.0,11.938193200374572,11.938193200374572
49,31,0,Operations,BSc,3,171,115000.0,11.652687407345388,11.652687407345388
30,8,0,Finance,BSc,3,162,126000.0,11.744037185933616,11.744037185933616
45,27,4,HR,Masters,3,158,127000.0,11.751942365440728,11.751942365440728
34,13,1,Sales,Masters,4,190,173000.0,12.061046873479915,12.061046873479915
32,4,3,Finance,BSc,3,160,134000.0,11.805595078933049,11.805595078933049
38,18,3,Marketing,SSCE,4,157,109000.0,11.59910316121128,11.59910316121128
29,8,1,HR,BSc,2,171,93000.0,11.440354772135393,11.440354772135393
34,15,14,Operations,BSc,4,180,130000.0,11.77528972943772,11.77528972943772
28,8,8,Engineering,BSc,4,167,176000.0,12.078239274020289,12.078239274020289
59,36,6,Finance,Masters,2,187,192000.0,12.165250651009918,12.165250651009918
40,14,0,Engineering,SSCE,3,177,119000.0,11.686878772093667,11.686878772093667
33,10,0,Marketing,SSCE,2,140,77000.0,11.251560700835821,11.251560700835821
42,17,3,Sales,BSc,4,162,146000.0,11.891361900690473,11.891361900690473
38,14,0,Sales,Masters,3,161,147000.0,11.898187865760873,11.898187865760873
37,16,16,Sales,BSc,4,177,157000.0,11.964001084330445,11.964001084330445
46,28,0,Finance,Masters,3,140,176000.0,12.078239274020289,12.078239274020289
47,26,3,Sales,BSc,3,208,141000.0,11.856515169360305,11.856515169360305
34,8,2,Finance,Masters,1,170,130000.0,11.77528972943772,11.77528972943772
34,13,5,Sales,Masters,3,172,164000.0,12.007621706806335,12.007621706806335
37,18,0,Engineering,BSc,3,187,159000.0,11.976659481202368,11.976659481202368
22,0,0,HR,BSc,4,205,94000.0,11.451050061252142,11.451050061252142
24,1,1,Sales,BSc,4,183,108000.0,11.589886506106357,11.589886506106357
53,31,10,Sales,BSc,3,184,161000.0,11.9891596439666,11.9891596439666
56,31,0,Finance,Masters,5,171,265000.0,12.487485104968359,12.487485104968359
37,16,12,Sales,Masters,4,167,184000.0,12.122691036591123,12.122691036591123
45,22,8,Engineering,Masters,5,162,308000.0,12.637855061955712,12.637855061955712
43,22,1,Sales,Masters,3,157,161000.0,11.9891596439666,11.9891596439666
65,40,7,Operations,BSc,3,159,123000.0,11.719939634354555,11.719939634354555
51,27,0,Finance,BSc,2,149,147000.0,11.898187865760873,11.898187865760873
38,18,17,Finance,Masters,4,168,240000.0,12.388394202324129,12.388394202324129
30,6,3,Finance,BSc,2,144,125000.0,11.736069016284437,11.736069016284437
23,5,1,Engineering,Masters,3,172,156000.0,11.957611286231675,11.957611286231675
42,18,2,Sales,BSc,3,169,143000.0,11.870599909242044,11.870599909242044
32,10,0,HR,SSCE,3,172,74000.0,11.211820372186306,11.211820372186306
25,5,5,Engineering,PhD,4,162,245000.0,12.409013489526863,12.409013489526863
33,6,0,Sales,BSc,2,216,105000.0,11.56171562913966,11.56171562913966
29,1,1,Sales,PhD,3,190,145000.0,11.884489021402711,11.884489021402711
56,29,2,Sales,PhD,4,151,231000.0,12.35017298950393,12.35017298950393
48,29,14,Operations,Masters,5,170,206000.0,12.235631447771718,12.235631447771718
39,15,1,Engineering,Masters,4,160,224000.0,12.319401330837177,12.319401330837177
54,36,3,Marketing,BSc,5,154,147000.0,11.898187865760873,11.898187865760873
40,16,3,Engineering,Masters,4,149,215000.0,12.2783933071098,12.2783933071098
31,9,6,Operations,BSc,3,176,98000.0,11.49272275765271,11.49272275765271
55,37,0,Engineering,BSc,2,159,148000.0,11.904967552746252,11.904967552746252
45,27,1,Sales,Masters,4,184,185000.0,12.128111104060462,12.128111104060462
29,11,1,Finance,BSc,4,184,166000.0,12.01974306733868,12.01974306733868
38,19,6,Finance,BSc,4,190,202000.0,12.216022976383341,12.216022976383341
31,12,1,Sales,BSc,3,157,119000.0,11.686878772093667,11.686878772093667
26,5,4,Sales,BSc,3,177,105000.0,11.56171562913966,11.56171562913966
49,29,1,Sales,Masters,3,179,165000.0,12.013700752882718,12.013700752882718
59,35,9,Sales,BSc,3,162,144000.0,11.877568578558138,11.877568578558138
26,1,2,Engineering,PhD,2,158,175000.0,12.072541252905651,12.072541252905651
45,22,3,Marketing,Masters,4,194,187000.0,12.138863895836725,12.138863895836725
33,10,2,Sales,Masters,2,173,133000.0,11.79810440720389,11.79810440720389
35,11,2,Sales,BSc,2,179,107000.0,11.580584113444043,11.580584113444043
34,14,0,Finance,Masters,3,157,167000.0,12.025749091398891,12.025749091398891
31,11,1,Operations,SSCE,4,151,90000.0,11.407564949312402,11.407564949312402
40,18,5,Finance,Masters,3,161,190000.0,12.154779351142624,12.154779351142624
31,13,3,Engineering,SSCE,3,168,126000.0,11.744037185933616,11.744037185933616
42,16,14,Engineering,Masters,3,170,222000.0,12.310432660854417,12.310432660854417
39,16,2,Operations,PhD,3,169,159000.0,11.976659481202368,11.976659481202368
37,12,5,Sales,BSc,5,144,165000.0,12.013700752882718,12.013700752882718
30,2,2,Engineering,BSc,5,153,171000.0,12.049418835484797,12.049418835484797
34,11,3,Marketing,Masters,3,180,131000.0,11.782952602183288,11.782952602183288
47,24,1,Finance,BSc,3,179,155000.0,11.951180395901384,11.951180395901384
45,27,3,Finance,Masters,4,170,205000.0,12.230765258120545,12.230765258120545
30,9,3,Sales,SSCE,1,154,75000.0,11.225243392518447,11.225243392518447
40,14,6,Engineering,SSCE,3,154,132000.0,11.790557201568507,11.790557201568507
47,29,14,Operations,PhD,3,170,181000.0,12.106252310247962,12.106252310247962
23,4,1,Sales,Masters,5,179,167000.0,12.025749091398891,12.025749091398891
45,24,0,Finance,Masters,1,183,168000.0,12.031719258385396,12.031719258385396
33,10,3,Finance,BSc,3,162,143000.0,11.870599909242044,11.870599909242044
45,20,3,Finance,Masters,4,152,212000.0,12.26434155365415,12.26434155365415
32,8,0,Sales,BSc,3,174,116000.0,11.661345470088502,11.661345470088502
22,3,3,Sales,Masters,2,170,123000.0,11.719939634354555,11.719939634354555
23,5,5,Marketing,Masters,5,162,155000.0,11.951180395901384,11.951180395901384
40,22,14,Operations,BSc,3,189,128000.0,11.759785542901755,11.759785542901755
42,18,1,Operations,BSc,4,182,139000.0,11.842229212112828,11.842229212112828
30,4,4,Engineering,BSc,3,172,134000.0,11.805595078933049,11.805595078933049
46,24,2,Engineering,Masters,3,150,188000.0,12.144197241812087,12.144197241812087
23,0,0,Operations,BSc,3,173,77000.0,11.251560700835821,11.251560700835821
39,17,3,Finance,Masters,2,185,179000.0,12.095141084822892,12.095141084822892
27,4,4,Operations,BSc,2,164,82000.0,11.314474526246391,11.314474526246391
33,9,3,Engineering,Masters,4,190,201000.0,12.211060187041213,12.211060187041213
40,13,2,Marketing,Masters,3,189,139000.0,11.842229212112828,11.842229212112828
31,10,3,Finance,BSc,2,194,147000.0,11.898187865760873,11.898187865760873
36,12,4,Finance,SSCE,3,174,116000.0,11.661345470088502,11.661345470088502
50,24,1,Sales,SSCE,4,178,131000.0,11.782952602183288,11.782952602183288
34,3,2,Engineering,Masters,2,191,163000.0,12.0015054797889,12.0015054797889
48,25,5,Marketing,Masters,3,176,168000.0,12.031719258385396,12.031719258385396
28,10,2,Sales,SSCE,2,162,91000.0,11.418614785498987,11.418614785498987
45,27,0,Marketing,Masters,1,163,113000.0,11.635143097694478,11.635143097694478
54,30,4,Operations,BSc,2,173,116000.0,11.661345470088502,11.661345470088502
22,0,0,Sales,BSc,4,150,113000.0,11.635143097694478,11.635143097694478
32,11,0,HR,PhD,2,167,136000.0,11.820410164718188,11.820410164718188
45,20,3,Engineering,BSc,1,186,162000.0,11.99535161421452,11.99535161421452
37,15,2,Finance,BSc,3,140,156000.0,11.957611286231675,11.957611286231675
43,23,4,Operations,SSCE,4,193,116000.0,11.661345470088502,11.661345470088502
33,14,0,Engineering,SSCE,3,186,132000.0,11.790557201568507,11.790557201568507
40,17,2,Engineering,BSc,3,170,166000.0,12.01974306733868,12.01974306733868
38,15,0,Sales,SSCE,1,178,74000.0,11.211820372186306,11.211820372186306
51,26,21,Engineering,Masters,3,170,238000.0,12.380025952653611,12.380025952653611
42,17,4,Finance,BSc,3,188,171000.0,12.049418835484797,12.049418835484797
43,20,5,Operations,BSc,3,184,117000.0,11.669929213779893,11.669929213779893
35,14,1,Sales,BSc,3,148,120000.0,11.695247021764184,11.695247021764184
35,15,0,Sales,BSc,3,178,118000.0,11.678439903447801,11.678439903447801
35,10,10,Sales,Masters,2,166,155000.0,11.951180395901384,11.951180395901384
43,25,1,Finance,PhD,3,171,251000.0,12.43320821811392,12.43320821811392
35,12,2,Engineering,SSCE,2,159,109000.0,11.59910316121128,11.59910316121128
42,19,5,Marketing,Masters,4,196,183000.0,12.117241431823558,12.117241431823558
60,35,0,Finance,BSc,5,185,211000.0,12.259613412458204,12.259613412458204
48,18,8,Finance,BSc,5,158,230000.0,12.345834587905333,12.345834587905333
36,16,3,Engineering,BSc,3,149,190000.0,12.154779351142624,12.154779351142624
52,32,1,Finance,SSCE,4,164,153000.0,11.938193200374572,11.938193200374572
35,12,2,Engineering,SSCE,4,176,140000.0,11.84939770159144,11.84939770159144
22,0,0,Engineering,Masters,3,173,166000.0,12.01974306733868,12.01974306733868
29,8,8,Operations,BSc,4,188,114000.0,11.643953727376633,11.643953727376633
22,0,2,Finance,PhD,3,181,151000.0,11.925035115797062,11.925035115797062
36,12,1,Engineering,BSc,3,184,149000.0,11.911701584927597,11.911701584927597
40,20,0,Engineering,SSCE,4,174,143000.0,11.870599909242044,11.870599909242044
56,30,5,Engineering,Masters,3,170,194000.0,12.175613438045465,12.175613438045465
43,21,4,Sales,BSc,3,167,131000.0,11.782952602183288,11.782952602183288
37,10,2,Engineering,BSc,5,185,192000.0,12.165250651009918,12.165250651009918
48,27,2,Engineering,Masters,2,169,186000.0,12.133501952695338,12.133501952695338
22,0,0,Marketing,PhD,3,177,131000.0,11.782952602183288,11.782952602183288
42,15,5,Finance,Masters,3,170,244000.0,12.404923504275338,12.404923504275338
47,28,17,Finance,Masters,4,154,252000.0,12.437184366493561,12.437184366493561
25,0,0,Finance,Masters,3,168,142000.0,11.863582336583399,11.863582336583399
51,26,4,Engineering,PhD,3,174,243000.0,12.400816722322686,12.400816722322686
43,21,2,Operations,BSc,3,160,114000.0,11.643953727376633,11.643953727376633
35,16,2,HR,SSCE,4,166,103000.0,11.542484267211773,11.542484267211773
46,20,1,HR,BSc,3,155,104000.0,11.55214617812351,11.55214617812351
62,40,2,HR,BSc,3,186,111000.0,11.617285480294472,11.617285480294472
41,20,3,Operations,Masters,2,165,137000.0,11.827736204810263,11.827736204810263
42,22,3,Marketing,Masters,1,191,136000.0,11.820410164718188,11.820410164718188
35,13,1,Engineering,BSc,5,192,232000.0,12.354492650648448,12.354492650648448
31,7,1,Finance,SSCE,3,168,105000.0,11.56171562913966,11.56171562913966
48,23,0,Finance,Masters,4,154,226000.0,12.328290278254423,12.328290278254423
31,9,6,Finance,BSc,2,140,132000.0,11.790557201568507,11.790557201568507
40,14,1,Marketing,Masters,4,147,158000.0,11.970350312009105,11.970350312009105
35,4,4,Engineering,BSc,5,149,195000.0,12.180754837545884,12.180754837545884
44,23,2,Sales,BSc,3,190,123000.0,11.719939634354555,11.719939634354555
43,23,2,Operations,SSCE,2,171,91000.0,11.418614785498987,11.418614785498987
50,20,3,Marketing,SSCE,3,175,113000.0,11.635143097694478,11.635143097694478
34,8,2,Marketing,Masters,4,140,145000.0,11.884489021402711,11.884489021402711
37,16,0,Sales,PhD,3,152,193000.0,12.170445467887022,12.170445467887022
30,12,1,Sales,Masters,4,183,161000.0,11.9891596439666,11.9891596439666
35,13,5,Operations,SSCE,4,174,100000.0,11.512925464970229,11.512925464970229
43,18,5,Finance,BSc,4,167,186000.0,12.133501952695338,12.133501952695338
47,24,1,HR,Masters,4,178,144000.0,11.877568578558138,11.877568578558138
30,12,3,Marketing,Masters,2,194,124000.0,11.728036844587175,11.728036844587175
48,24,1,Finance,SSCE,3,166,121000.0,11.703545824578878,11.703545824578878
53,28,1,Engineering,SSCE,3,171,141000.0,11.856515169360305,11.856515169360305
44,20,0,Finance,Masters,5,172,269000.0,12.502466658583977,12.502466658583977
58,33,11,Sales,BSc,4,205,178000.0,12.089538829274222,12.089538829274222
32,10,1,Sales,BSc,4,140,136000.0,11.820410164718188,11.820410164718188
27,9,1,Finance,SSCE,3,180,109000.0,11.59910316121128,11.59910316121128
22,0,2,Operations,BSc,2,168,82000.0,11.314474526246391,11.314474526246391
54,31,0,Engineering,Masters,4,178,234000.0,12.363076394339839,12.363076394339839
46,23,5,HR,PhD,3,160,172000.0,12.05524975579559,12.05524975579559
39,12,0,Sales,BSc,3,169,116000.0,11.661345470088502,11.661345470088502
42,22,0,Sales,BSc,4,180,159000.0,11.976659481202368,11.976659481202368
28,5,5,Engineering,SSCE,1,216,96000.0,11.472103470449973,11.472103470449973
64,41,2,Sales,BSc,3,182,144000.0,11.877568578558138,11.877568578558138
41,23,6,Marketing,BSc,3,157,122000.0,11.711776323715394,11.711776323715394
41,19,4,Engineering,Masters,2,163,184000.0,12.122691036591123,12.122691036591123
47,22,1,Marketing,BSc,3,163,173000.0,12.061046873479915,12.061046873479915
44,20,5,Operations,BSc,3,143,119000.0,11.686878772093667,11.686878772093667
42,23,0,Engineering,SSCE,2,165,124000.0,11.728036844587175,11.728036844587175
32,10,3,HR,BSc,3,180,107000.0,11.580584113444043,11.580584113444043
44,17,2,Sales,SSCE,4,150,114000.0,11.643953727376633,11.643953727376633
58,38,1,Finance,BSc,3,185,161000.0,11.9891596439666,11.9891596439666
53,28,4,Sales,PhD,3,177,214000.0,12.273731294003989,12.273731294003989
55,37,10,Engineering,BSc,1,158,167000.0,12.025749091398891,12.025749091398891
34,15,15,Engineering,BSc,1,167,164000.0,12.007621706806335,12.007621706806335
30,6,4,Engineering,Masters,3,193,169000.0,12.037653993905211,12.037653993905211
38,19,2,Engineering,PhD,4,181,300000.0,12.611537753638338,12.611537753638338
40,18,1,Finance,BSc,4,170,171000.0,12.049418835484797,12.049418835484797
50,30,1,Operations,Masters,2,166,126000.0,11.744037185933616,11.744037185933616
23,2,2,HR,BSc,3,171,77000.0,11.251560700835821,11.251560700835821
55,30,2,Finance,BSc,5,162,235000.0,12.367340793126296,12.367340793126296
38,14,12,Engineering,BSc,3,140,163000.0,12.0015054797889,12.0015054797889
35,16,2,Sales,Masters,4,200,180000.0,12.100712129872347,12.100712129872347
29,5,2,Sales,Masters,2,172,116000.0,11.661345470088502,11.661345470088502
23,0,0,Engineering,BSc,5,175,168000.0,12.031719258385396,12.031719258385396
48,23,9,Marketing,SSCE,4,169,122000.0,11.711776323715394,11.711776323715394
40,19,5,Marketing,Masters,5,158,192000.0,12.165250651009918,12.165250651009918
27,9,4,Sales,SSCE,4,167,109000.0,11.59910316121128,11.59910316121128
27,1,2,Sales,BSc,3,146,90000.0,11.407564949312402,11.407564949312402
36,14,8,HR,Masters,5,204,182000.0,12.111761966058932,12.111761966058932
56,38,0,HR,Masters,3,151,122000.0,11.711776323715394,11.711776323715394
37,14,2,Sales,Masters,3,154,147000.0,11.898187865760873,11.898187865760873
24,3,2,Operations,Masters,4,163,124000.0,11.728036844587175,11.728036844587175
37,11,2,Operations,BSc,4,189,108000.0,11.589886506106357,11.589886506106357
37,16,3,Sales,Masters,5,170,193000.0,12.170445467887022,12.170445467887022
22,0,0,Sales,Masters,3,151,112000.0,11.626254150277232,11.626254150277232
39,19,0,Marketing,BSc,4,188,139000.0,11.842229212112828,11.842229212112828
37,18,10,Operations,SSCE,4,170,125000.0,11.736069016284437,11.736069016284437
46,28,2,Operations,BSc,2,170,122000.0,11.711776323715394,11.711776323715394
58,37,2,Engineering,BSc,3,180,165000.0,12.013700752882718,12.013700752882718
51,29,0,Sales,Masters,3,205,169000.0,12.037653993905211,12.037653993905211
37,15,2,Marketing,Masters,3,202,151000.0,11.925035115797062,11.925035115797062
28,4,3,Marketing,BSc,5,159,127000.0,11.751942365440728,11.751942365440728
65,44,2,Engineering,SSCE,4,194,149000.0,11.911701584927597,11.911701584927597
40,17,5,Operations,PhD,4,175,192000.0,12.165250651009918,12.165250651009918
40,18,2,Finance,SSCE,5,177,170000.0,12.043553716032399,12.043553716032399
39,20,16,HR,BSc,3,144,129000.0,11.76756768334381,11.76756768334381
41,15,4,Operations,BSc,4,167,130000.0,11.77528972943772,11.77528972943772
38,19,8,Finance,BSc,3,157,161000.0,11.9891596439666,11.9891596439666
34,15,0,Sales,SSCE,4,182,108000.0,11.589886506106357,11.589886506106357
34,11,2,Finance,SSCE,2,186,110000.0,11.608235644774552,11.608235644774552
39,10,2,Engineering,SSCE,3,140,160000.0,11.982929094215963,11.982929094215963
34,10,4,Finance,BSc,3,169,133000.0,11.79810440720389,11.79810440720389
32,13,9,Engineering,BSc,3,186,175000.0,12.072541252905651,12.072541252905651
41,18,0,Finance,BSc,4,167,161000.0,11.9891596439666,11.9891596439666
37,12,0,Engineering,Masters,3,180,175000.0,12.072541252905651,12.072541252905651
55,31,9,Engineering,Masters,4,175,251000.0,12.43320821811392,12.43320821811392
22,2,1,Engineering,SSCE,3,175,98000.0,11.49272275765271,11.49272275765271
50,29,5,Engineering,BSc,4,165,196000.0,12.185869938212655,12.185869938212655
52,29,3,Finance,Masters,3,170,213000.0,12.269047444691562,12.269047444691562
22,0,0,Finance,BSc,2,170,102000.0,11.532728092266408,11.532728092266408
36,12,0,Marketing,BSc,3,170,124000.0,11.728036844587175,11.728036844587175
36,11,0,Engineering,Masters,3,170,179000.0,12.095141084822892,12.095141084822892
25,7,4,Engineering,Masters,2,167,162000.0,11.99535161421452,11.99535161421452
32,9,9,Engineering,Masters,3,163,188000.0,12.144197241812087,12.144197241812087
28,9,2,Engineering,BSc,3,165,162000.0,11.99535161421452,11.99535161421452
57,39,1,Operations,Masters,3,185,128000.0,11.759785542901755,11.759785542901755
49,29,4,Engineering,BSc,3,164,164000.0,12.007621706806335,12.007621706806335
52,28,13,Sales,Masters,4,149,197000.0,12.190959007720126,12.190959007720126
47,26,9,Engineering,BSc,2,181,176000.0,12.078239274020289,12.078239274020289
28,5,5,Engineering,BSc,3,166,126000.0,11.744037185933616,11.744037185933616
34,9,0,Marketing,Masters,4,170,144000.0,11.877568578558138,11.877568578558138
44,22,0,Finance,BSc,3,194,177000.0,12.083905011555967,12.083905011555967
27,1,1,Engineering,BSc,4,169,143000.0,11.870599909242044,11.870599909242044
47,28,8,Engineering,PhD,3,174,258000.0,12.460714863903755,12.460714863903755
37,13,1,Sales,SSCE,3,152,92000.0,11.429543856031177,11.429543856031177
36,14,1,Engineering,BSc,1,166,137000.0,11.827736204810263,11.827736204810263
47,25,7,Engineering,SSCE,4,179,160000.0,11.982929094215963,11.982929094215963
44,21,0,Operations,Masters,3,146,171000.0,12.049418835484797,12.049418835484797
36,15,2,Finance,Masters,1,173,169000.0,12.037653993905211,12.037653993905211
51,27,2,Marketing,BSc,3,171,129000.0,11.76756768334381,11.76756768334381
29,9,4,Sales,Masters,5,170,188000.0,12.144197241812087,12.144197241812087
46,19,6,Sales,BSc,3,170,148000.0,11.904967552746252,11.904967552746252
45,23,2,Marketing,Masters,3,175,161000.0,11.9891596439666,11.9891596439666
36,18,4,Finance,BSc,5,192,213000.0,12.269047444691562,12.269047444691562
43,17,4,Finance,BSc,4,155,176000.0,12.078239274020289,12.078239274020289
27,2,2,Engineering,PhD,3,172,171000.0,12.049418835484797,12.049418835484797
49,28,5,Marketing,BSc,4,171,153000.0,11.938193200374572,11.938193200374572
38,16,1,Sales,SSCE,4,153,119000.0,11.686878772093667,11.686878772093667
34,13,0,Operations,BSc,3,184,98000.0,11.49272275765271,11.49272275765271
50,29,0,Finance,PhD,3,204,231000.0,12.35017298950393,12.35017298950393
32,11,1,Marketing,BSc,3,169,101000.0,11.522875795823397,11.522875795823397
25,6,3,Engineering,SSCE,5,177,144000.0,11.877568578558138,11.877568578558138
24,3,3,Finance,BSc,4,171,147000.0,11.898187865760873,11.898187865760873
46,23,6,Engineering,BSc,2,159,161000.0,11.9891596439666,11.9891596439666
27,7,7,Sales,BSc,4,142,130000.0,11.77528972943772,11.77528972943772
57,39,2,Engineering,Masters,3,159,187000.0,12.138863895836725,12.138863895836725
22,0,0,Finance,PhD,2,149,155000.0,11.951180395901384,11.951180395901384
56,31,2,Engineering,BSc,3,195,175000.0,12.072541252905651,12.072541252905651
42,23,1,Sales,BSc,3,170,129000.0,11.76756768334381,11.76756768334381
39,16,0,Operations,BSc,4,164,123000.0,11.719939634354555,11.719939634354555
34,5,4,Engineering,SSCE,3,183,112000.0,11.626254150277232,11.626254150277232
43,23,22,Marketing,Masters,4,153,198000.0,12.196022309676673,12.196022309676673
39,15,0,Sales,BSc,3,158,113000.0,11.635143097694478,11.635143097694478
51,28,0,Engineering,BSc,2,171,174000.0,12.066810578196666,12.066810578196666
41,19,7,HR,Masters,5,185,193000.0,12.170445467887022,12.170445467887022
41,19,1,Engineering,BSc,3,177,168000.0,12.031719258385396,12.031719258385396
36,16,8,Marketing,Masters,3,173,159000.0,11.976659481202368,11.976659481202368
39,15,6,Marketing,SSCE,3,171,115000.0,11.652687407345388,11.652687407345388
43,22,14,Finance,Masters,4,176,236000.0,12.371587084007746,12.371587084007746
22,0,0,Finance,PhD,3,173,168000.0,12.031719258385396,12.031719258385396
26,6,5,Sales,Masters,2,154,121000.0,11.703545824578878,11.703545824578878
47,26,3,Engineering,PhD,2,170,230000.0,12.345834587905333,12.345834587905333
41,16,4,Finance,BSc,3,153,149000.0,11.911701584927597,11.911701584927597
38,19,2,Marketing,BSc,4,171,135000.0,11.813030057420567,11.813030057420567
40,16,1,HR,Masters,3,162,130000.0,11.77528972943772,11.77528972943772
43,23,3,HR,BSc,3,208,114000.0,11.643953727376633,11.643953727376633
34,13,3,HR,BSc,3,169,106000.0,11.571194373094205,11.571194373094205
32,14,8,Marketing,BSc,3,148,121000.0,11.703545824578878,11.703545824578878
41,18,6,Sales,SSCE,5,167,150000.0,11.918390573078392,11.918390573078392
30,6,5,HR,BSc,3,170,95000.0,11.461632170582678,11.461632170582678
44,21,0,Marketing,BSc,5,195,168000.0,12.031719258385396,12.031719258385396
22,0,0,Engineering,Masters,3,161,145000.0,11.884489021402711,11.884489021402711
50,30,3,Operations,BSc,2,146,105000.0,11.56171562913966,11.56171562913966
44,17,11,Operations,SSCE,4,182,112000.0,11.626254150277232,11.626254150277232
42,16,12,Marketing,BSc,3,149,124000.0,11.728036844587175,11.728036844587175
49,23,2,Engineering,BSc,4,163,183000.0,12.117241431823558,12.117241431823558
56,36,8,Sales,Masters,5,166,207000.0,12.240474072247506,12.240474072247506
50,32,0,HR,BSc,2,168,116000.0,11.661345470088502,11.661345470088502
22,0,0,Operations,BSc,2,180,76000.0,11.238488619268468,11.238488619268468
27,4,3,Engineering,Masters,4,159,193000.0,12.170445467887022,12.170445467887022
33,11,0,Engineering,BSc,3,170,153000.0,11.938193200374572,11.938193200374572
40,21,6,Operations,SSCE,2,169,87000.0,11.37366339763672,11.37366339763672
45,20,0,Sales,BSc,1,172,107000.0,11.580584113444043,11.580584113444043
32,10,0,Marketing,PhD,1,171,147000.0,11.898187865760873,11.898187865760873
41,21,4,Operations,BSc,4,176,150000.0,11.918390573078392,11.918390573078392
32,11,6,Engineering,BSc,2,182,149000.0,11.911701584927597,11.911701584927597
33,11,11,Finance,SSCE,3,175,125000.0,11.736069016284437,11.736069016284437
25,6,6,Engineering,BSc,4,176,160000.0,11.982929094215963,11.982929094215963
30,0,0,Sales,BSc,3,146,96000.0,11.472103470449973,11.472103470449973
26,6,2,HR,BSc,1,170,77000.0,11.251560700835821,11.251560700835821
30,6,0,Sales,SSCE,4,177,88000.0,11.385092093460344,11.385092093460344
50,22,0,Operations,PhD,1,180,133000.0,11.79810440720389,11.79810440720389
30,9,3,Marketing,Masters,4,159,147000.0,11.898187865760873,11.898187865760873
65,47,5,Sales,BSc,4,160,150000.0,11.918390573078392,11.918390573078392
44,21,2,Engineering,Masters,3,161,203000.0,12.220961258023925,12.220961258023925
41,21,6,Sales,SSCE,3,178,107000.0,11.580584113444043,11.580584113444043
31,13,3,Sales,BSc,3,185,120000.0,11.695247021764184,11.695247021764184
47,28,0,Engineering,Masters,3,163,209000.0,12.250089530946948,12.250089530946948
34,16,1,Sales,Masters,4,183,179000.0,12.095141084822892,12.095141084822892
41,21,9,Marketing,Masters,4,171,186000.0,12.133501952695338,12.133501952695338
65,43,6,Finance,BSc,3,168,176000.0,12.078239274020289,12.078239274020289
39,12,11,Finance,PhD,4,170,264000.0,12.483704382128453,12.483704382128453
51,28,0,Finance,SSCE,5,181,186000.0,12.133501952695338,12.133501952695338
32,7,7,Engineering,Masters,5,174,232000.0,12.354492650648448,12.354492650648448
39,21,1,Engineering,PhD,3,204,247000.0,12.417143615610113,12.417143615610113
57,34,2,Finance,BSc,3,157,147000.0,11.898187865760873,11.898187865760873
33,11,11,Marketing,Masters,3,177,142000.0,11.863582336583399,11.863582336583399
58,37,1,Engineering,SSCE,5,170,190000.0,12.154779351142624,12.154779351142624
47,25,5,HR,BSc,2,156,121000.0,11.703545824578878,11.703545824578878
34,16,0,HR,BSc,3,169,113000.0,11.635143097694478,11.635143097694478
46,22,4,Marketing,BSc,3,172,117000.0,11.669929213779893,11.669929213779893
49,27,11,Engineering,PhD,3,213,295000.0,12.594730635321957,12.594730635321957
46,21,1,HR,Masters,3,167,126000.0,11.744037185933616,11.744037185933616
24,0,0,Marketing,BSc,5,153,123000.0,11.719939634354555,11.719939634354555
32,8,1,HR,Masters,2,174,108000.0,11.589886506106357,11.589886506106357
37,14,4,HR,PhD,3,140,161000.0,11.9891596439666,11.9891596439666
39,15,2,HR,SSCE,2,168,77000.0,11.251560700835821,11.251560700835821
46,21,1,Marketing,PhD,2,170,181000.0,12.106252310247962,12.106252310247962
41,14,1,Engineering,SSCE,3,181,116000.0,11.661345470088502,11.661345470088502
26,3,0,Finance,Masters,3,184,142000.0,11.863582336583399,11.863582336583399
43,16,11,Finance,BSc,3,162,157000.0,11.964001084330445,11.964001084330445
46,26,2,Finance,SSCE,3,167,118000.0,11.678439903447801,11.678439903447801
45,23,1,Engineering,BSc,2,158,160000.0,11.982929094215963,11.982929094215963
50,23,2,Engineering,Masters,3,170,222000.0,12.310432660854417,12.310432660854417
48,25,1,Operations,BSc,5,174,178000.0,12.089538829274222,12.089538829274222
44,19,6,Finance,SSCE,5,150,179000.0,12.095141084822892,12.095141084822892
39,17,17,Operations,BSc,3,163,135000.0,11.813030057420567,11.813030057420567
23,5,2,HR,PhD,3,155,133000.0,11.79810440720389,11.79810440720389
44,16,9,Marketing,BSc,5,178,177000.0,12.083905011555967,12.083905011555967
42,20,4,Finance,BSc,1,197,142000.0,11.863582336583399,11.863582336583399
42,19,0,Operations,BSc,4,150,130000.0,11.77528972943772,11.77528972943772
27,7,5,Marketing,SSCE,5,142,116000.0,11.661345470088502,11.661345470088502
29,7,3,Finance,Masters,2,168,147000.0,11.898187865760873,11.898187865760873
50,25,5,Engineering,Masters,2,170,200000.0,12.206072645530174,12.206072645530174
39,16,11,Marketing,BSc,5,173,175000.0,12.072541252905651,12.072541252905651
46,21,2,Finance,BSc,3,163,168000.0,12.031719258385396,12.031719258385396
40,21,11,Sales,Masters,1,166,142000.0,11.863582336583399,11.863582336583399
40,18,6,Engineering,BSc,3,175,173000.0,12.061046873479915,12.061046873479915
49,31,3,Sales,Masters,3,185,182000.0,12.111761966058932,12.111761966058932
34,11,2,Engineering,Masters,4,140,220000.0,12.301382825334498,12.301382825334498
40,15,2,Engineering,Masters,4,164,231000.0,12.35017298950393,12.35017298950393
35,8,8,Sales,BSc,5,173,161000.0,11.9891596439666,11.9891596439666
35,7,5,Operations,BSc,3,156,99000.0,11.502875129116727,11.502875129116727
36,9,0,Marketing,PhD,3,195,162000.0,11.99535161421452,11.99535161421452
42,20,1,Engineering,BSc,3,160,181000.0,12.106252310247962,12.106252310247962
35,14,4,Engineering,Masters,3,169,173000.0,12.061046873479915,12.061046873479915
52,25,0,Finance,BSc,2,178,142000.0,11.863582336583399,11.863582336583399
31,11,2,Sales,Masters,5,161,198000.0,12.196022309676673,12.196022309676673
38,14,2,HR,BSc,4,142,120000.0,11.695247021764184,11.695247021764184
35,13,2,Finance,BSc,3,170,140000.0,11.84939770159144,11.84939770159144
54,36,2,HR,SSCE,3,185,103000.0,11.542484267211773,11.542484267211773
41,21,1,Sales,Masters,3,164,155000.0,11.951180395901384,11.951180395901384
50,27,0,Finance,Masters,3,157,176000.0,12.078239274020289,12.078239274020289
25,0,0,Sales,BSc,4,183,122000.0,11.711776323715394,11.711776323715394
42,13,3,Operations,BSc,3,165,106000.0,11.571194373094205,11.571194373094205
48,23,1,Finance,Masters,5,162,257000.0,12.456831363877356,12.456831363877356
40,17,1,Sales,SSCE,4,172,122000.0,11.711776323715394,11.711776323715394
50,25,4,Sales,BSc,3,181,146000.0,11.891361900690473,11.891361900690473
34,11,2,Engineering,BSc,4,205,182000.0,12.111761966058932,12.111761966058932
54,32,0,Finance,BSc,2,182,161000.0,11.9891596439666,11.9891596439666
62,39,0,Engineering,BSc,3,187,165000.0,12.013700752882718,12.013700752882718
36,12,8,Marketing,BSc,3,162,116000.0,11.661345470088502,11.661345470088502
35,13,6,Sales,SSCE,3,154,104000.0,11.55214617812351,11.55214617812351
54,33,6,Finance,BSc,3,170,189000.0,12.14950229404178,12.14950229404178
55,29,6,HR,BSc,3,171,122000.0,11.711776323715394,11.711776323715394
34,16,5,HR,BSc,4,153,132000.0,11.790557201568507,11.790557201568507
35,12,3,HR,BSc,3,170,109000.0,11.59910316121128,11.59910316121128
37,15,5,Engineering,Masters,3,170,180000.0,12.100712129872347,12.100712129872347
26,6,0,Engineering,SSCE,4,175,129000.0,11.76756768334381,11.76756768334381
30,8,4,Finance,BSc,3,177,136000.0,11.820410164718188,11.820410164718188
29,9,7,Sales,SSCE,3,174,99000.0,11.502875129116727,11.502875129116727
32,10,3,Sales,SSCE,3,162,96000.0,11.472103470449973,11.472103470449973
39,15,2,Engineering,BSc,3,162,170000.0,12.043553716032399,12.043553716032399
42,21,2,Sales,BSc,1,152,120000.0,11.695247021764184,11.695247021764184
55,29,5,Engineering,Masters,4,196,266000.0,12.491251587763836,12.491251587763836
30,8,5,Operations,BSc,3,170,107000.0,11.580584113444043,11.580584113444043
49,26,10,Engineering,PhD,3,166,269000.0,12.502466658583977,12.502466658583977
37,14,2,Marketing,SSCE,5,156,124000.0,11.728036844587175,11.728036844587175
39,16,7,Engineering,SSCE,3,214,148000.0,11.904967552746252,11.904967552746252
46,18,4,Finance,SSCE,3,153,152000.0,11.931635799828413,11.931635799828413
28,4,4,Sales,BSc,2,163,99000.0,11.502875129116727,11.502875129116727
43,21,3,Operations,BSc,3,176,121000.0,11.703545824578878,11.703545824578878
41,19,2,Operations,Masters,4,179,162000.0,11.99535161421452,11.99535161421452
44,18,4,Sales,SSCE,3,184,104000.0,11.55214617812351,11.55214617812351
42,23,6,Operations,PhD,4,197,220000.0,12.301382825334498,12.301382825334498
64,39,16,Operations,Masters,3,177,161000.0,11.9891596439666,11.9891596439666
33,13,0,HR,BSc,2,154,107000.0,11.580584113444043,11.580584113444043
34,13,0,HR,SSCE,3,166,76000.0,11.238488619268468,11.238488619268468
33,9,9,Engineering,BSc,3,174,151000.0,11.925035115797062,11.925035115797062
34,16,3,Marketing,SSCE,4,201,114000.0,11.643953727376633,11.643953727376633
33,7,4,Engineering,SSCE,3,149,119000.0,11.686878772093667,11.686878772093667
51,31,3,Engineering,BSc,5,188,242000.0,12.396693005138824,12.396693005138824
54,35,0,Operations,BSc,5,170,158000.0,11.970350312009105,11.970350312009105
34,9,7,Sales,BSc,3,182,114000.0,11.643953727376633,11.643953727376633
31,13,6,Finance,PhD,3,168,205000.0,12.230765258120545,12.230765258120545
44,21,1,HR,Masters,4,157,161000.0,11.9891596439666,11.9891596439666
34,12,1,Operations,PhD,5,181,188000.0,12.144197241812087,12.144197241812087
46,24,9,Operations,SSCE,3,179,98000.0,11.49272275765271,11.49272275765271
42,19,0,Engineering,BSc,3,184,172000.0,12.05524975579559,12.05524975579559
24,4,4,Engineering,BSc,3,169,128000.0,11.759785542901755,11.759785542901755
55,35,1,Sales,SSCE,4,161,132000.0,11.790557201568507,11.790557201568507
57,29,4,Engineering,SSCE,3,146,147000.0,11.898187865760873,11.898187865760873
33,14,13,Engineering,Masters,4,182,223000.0,12.314927050442256,12.314927050442256
36,9,5,Sales,Masters,2,176,128000.0,11.759785542901755,11.759785542901755
42,23,2,HR,BSc,1,155,87000.0,11.37366339763672,11.37366339763672
43,24,5,Marketing,BSc,3,161,124000.0,11.728036844587175,11.728036844587175
46,20,2,Sales,BSc,3,162,139000.0,11.842229212112828,11.842229212112828
60,36,1,Finance,SSCE,3,147,125000.0,11.736069016284437,11.736069016284437
38,12,12,Engineering,BSc,3,157,169000.0,12.037653993905211,12.037653993905211
32,9,6,Engineering,BSc,3,152,137000.0,11.827736204810263,11.827736204810263
26,3,3,HR,SSCE,2,163,70000.0,11.156250521031495,11.156250521031495
32,12,2,Finance,PhD,3,158,199000.0,12.201060103706629,12.201060103706629
39,20,0,HR,BSc,5,145,154000.0,11.944707881395766,11.944707881395766
57,39,0,Engineering,Masters,3,200,207000.0,12.240474072247506,12.240474072247506
34,10,4,HR,BSc,3,188,98000.0,11.49272275765271,11.49272275765271
42,19,7,Finance,BSc,3,158,157000.0,11.964001084330445,11.964001084330445
39,11,3,Marketing,BSc,5,174,158000.0,11.970350312009105,11.970350312009105
51,26,9,Finance,SSCE,3,176,142000.0,11.863582336583399,11.863582336583399
65,45,0,Operations,BSc,4,187,141000.0,11.856515169360305,11.856515169360305
34,16,2,Marketing,Masters,4,157,165000.0,12.013700752882718,12.013700752882718
35,9,1,Marketing,Masters,4,186,149000.0,11.911701584927597,11.911701584927597
50,26,2,Operations,BSc,2,170,101000.0,11.522875795823397,11.522875795823397
46,23,0,HR,BSc,4,149,129000.0,11.76756768334381,11.76756768334381
58,36,15,Sales,PhD,2,180,210000.0,12.254862809699606,12.254862809699606
45,20,1,Finance,SSCE,3,189,144000.0,11.877568578558138,11.877568578558138
36,15,12,Sales,BSc,4,208,170000.0,12.043553716032399,12.043553716032399
45,21,2,Engineering,BSc,3,152,183000.0,12.117241431823558,12.117241431823558
51,28,21,Marketing,Masters,3,180,215000.0,12.2783933071098,12.2783933071098
48,27,2,Operations,PhD,1,163,140000.0,11.84939770159144,11.84939770159144
45,23,13,Operations,BSc,4,181,152000.0,11.931635799828413,11.931635799828413
50,26,0,Sales,Masters,3,147,159000.0,11.976659481202368,11.976659481202368
51,28,6,Marketing,Masters,3,151,149000.0,11.911701584927597,11.911701584927597
53,30,11,Engineering,BSc,2,158,172000.0,12.05524975579559,12.05524975579559
46,22,0,Operations,BSc,5,170,154000.0,11.944707881395766,11.944707881395766
38,15,0,Operations,BSc,2,160,108000.0,11.589886506106357,11.589886506106357
41,23,2,Finance,PhD,2,170,201000.0,12.211060187041213,12.211060187041213
52,31,13,HR,BSc,3,185,140000.0,11.84939770159144,11.84939770159144
31,8,3,Finance,Masters,4,178,180000.0,12.100712129872347,12.100712129872347
43,23,3,Marketing,BSc,3,194,122000.0,11.711776323715394,11.711776323715394
36,12,0,Engineering,Masters,2,176,181000.0,12.106252310247962,12.106252310247962
40,21,0,Marketing,BSc,3,151,127000.0,11.751942365440728,11.751942365440728
52,31,8,Finance,BSc,3,190,186000.0,12.133501952695338,12.133501952695338
41,18,0,Finance,Masters,3,160,191000.0,12.160028707028767,12.160028707028767
40,19,5,Sales,Masters,3,183,184000.0,12.122691036591123,12.122691036591123
26,0,0,Operations,Masters,4,193,119000.0,11.686878772093667,11.686878772093667
47,21,1,Engineering,SSCE,3,176,135000.0,11.813030057420567,11.813030057420567
46,20,2,Marketing,Masters,3,147,157000.0,11.964001084330445,11.964001084330445
61,39,0,Finance,SSCE,3,156,134000.0,11.805595078933049,11.805595078933049
36,18,4,Finance,BSc,5,189,212000.0,12.26434155365415,12.26434155365415
42,24,0,Finance,BSc,5,167,207000.0,12.240474072247506,12.240474072247506
42,21,6,Sales,BSc,4,171,159000.0,11.976659481202368,11.976659481202368
55,34,1,Engineering,BSc,3,181,153000.0,11.938193200374572,11.938193200374572
39,11,3,Finance,PhD,2,180,199000.0,12.201060103706629,12.201060103706629
42,18,4,Marketing,SSCE,3,174,91000.0,11.418614785498987,11.418614785498987
46,21,0,Engineering,Masters,3,166,201000.0,12.211060187041213,12.211060187041213
41,17,2,Finance,BSc,3,165,168000.0,12.031719258385396,12.031719258385396
35,12,2,Marketing,SSCE,4,182,101000.0,11.522875795823397,11.522875795823397
41,17,5,Finance,BSc,4,178,201000.0,12.211060187041213,12.211060187041213
50,22,0,HR,PhD,4,166,176000.0,12.078239274020289,12.078239274020289
29,9,5,Engineering,Masters,3,186,192000.0,12.165250651009918,12.165250651009918
41,15,0,Engineering,PhD,4,168,266000.0,12.491251587763836,12.491251587763836
32,10,2,HR,PhD,3,157,131000.0,11.782952602183288,11.782952602183288
51,33,1,Finance,BSc,2,158,172000.0,12.05524975579559,12.05524975579559
24,0,2,Finance,BSc,4,155,129000.0,11.76756768334381,11.76756768334381
34,4,1,HR,Masters,1,165,87000.0,11.37366339763672,11.37366339763672
43,20,10,HR,BSc,3,188,120000.0,11.695247021764184,11.695247021764184
55,36,11,Operations,BSc,3,157,125000.0,11.736069016284437,11.736069016284437
39,21,1,Marketing,BSc,4,172,143000.0,11.870599909242044,11.870599909242044
34,8,4,Marketing,BSc,4,160,122000.0,11.711776323715394,11.711776323715394
58,37,0,Sales,BSc,3,166,130000.0,11.77528972943772,11.77528972943772
25,1,2,Engineering,BSc,4,147,145000.0,11.884489021402711,11.884489021402711
22,0,0,Marketing,BSc,3,166,86000.0,11.362102575235644,11.362102575235644
44,26,5,Sales,BSc,3,167,125000.0,11.736069016284437,11.736069016284437
34,7,4,Operations,BSc,4,178,112000.0,11.626254150277232,11.626254150277232
29,7,1,Marketing,BSc,4,173,103000.0,11.542484267211773,11.542484267211773
47,26,2,Marketing,Masters,5,152,206000.0,12.235631447771718,12.235631447771718
42,23,0,Sales,SSCE,3,186,102000.0,11.532728092266408,11.532728092266408
34,12,6,Engineering,BSc,4,173,183000.0,12.117241431823558,12.117241431823558
27,5,3,Engineering,Masters,4,172,200000.0,12.206072645530174,12.206072645530174
48,24,6,Sales,BSc,5,169,181000.0,12.106252310247962,12.106252310247962
46,24,1,Engineering,BSc,2,162,168000.0,12.031719258385396,12.031719258385396
39,15,1,Finance,Masters,4,173,202000.0,12.216022976383341,12.216022976383341
58,37,2,Operations,BSc,3,177,128000.0,11.759785542901755,11.759785542901755
29,5,0,Operations,Masters,3,143,105000.0,11.56171562913966,11.56171562913966
24,3,2,Finance,Masters,3,161,140000.0,11.84939770159144,11.84939770159144
33,10,8,Engineering,Masters,3,166,192000.0,12.165250651009918,12.165250651009918
39,20,11,Operations,BSc,3,173,125000.0,11.736069016284437,11.736069016284437
42,19,2,Operations,SSCE,4,187,105000.0,11.56171562913966,11.56171562913966
37,9,3,Engineering,BSc,3,158,141000.0,11.856515169360305,11.856515169360305
43,24,0,Finance,BSc,4,162,181000.0,12.106252310247962,12.106252310247962
27,2,2,Sales,BSc,3,162,106000.0,11.571194373094205,11.571194373094205
54,30,0,HR,BSc,2,157,98000.0,11.49272275765271,11.49272275765271
39,15,14,Operations,BSc,3,164,121000.0,11.703545824578878,11.703545824578878
51,33,3,Engineering,SSCE,3,181,144000.0,11.877568578558138,11.877568578558138
43,14,2,Operations,BSc,3,154,107000.0,11.580584113444043,11.580584113444043
44,26,12,Finance,BSc,2,176,181000.0,12.106252310247962,12.106252310247962
45,26,0,Operations,Masters,3,144,136000.0,11.820410164718188,11.820410164718188
44,22,4,Marketing,SSCE,3,161,101000.0,11.522875795823397,11.522875795823397
46,23,3,HR,BSc,3,165,121000.0,11.703545824578878,11.703545824578878
53,31,1,Engineering,PhD,3,195,251000.0,12.43320821811392,12.43320821811392
41,20,2,Sales,BSc,2,165,125000.0,11.736069016284437,11.736069016284437
47,26,2,Engineering,BSc,5,140,242000.0,12.396693005138824,12.396693005138824
39,18,6,Operations,SSCE,4,140,104000.0,11.55214617812351,11.55214617812351
54,32,0,HR,Masters,4,170,154000.0,11.944707881395766,11.944707881395766
33,10,10,Operations,BSc,3,179,101000.0,11.522875795823397,11.522875795823397
58,35,0,Operations,BSc,4,175,142000.0,11.863582336583399,11.863582336583399
39,16,1,Engineering,BSc,3,172,155000.0,11.951180395901384,11.951180395901384
25,6,1,Sales,Masters,4,187,153000.0,11.938193200374572,11.938193200374572
41,20,0,Engineering,BSc,2,161,158000.0,11.970350312009105,11.970350312009105
33,2,0,Engineering,SSCE,4,183,106000.0,11.571194373094205,11.571194373094205
48,27,21,Engineering,Masters,4,145,282000.0,12.54966234992025,12.54966234992025
33,11,1,Marketing,BSc,3,156,110000.0,11.608235644774552,11.608235644774552
35,12,0,Sales,Masters,4,142,165000.0,12.013700752882718,12.013700752882718
22,0,0,Engineering,BSc,3,165,104000.0,11.55214617812351,11.55214617812351
35,16,6,Engineering,Masters,3,169,215000.0,12.2783933071098,12.2783933071098
22,2,2,Engineering,BSc,1,171,104000.0,11.55214617812351,11.55214617812351
24,0,0,Operations,Masters,4,170,117000.0,11.669929213779893,11.669929213779893
47,26,0,HR,PhD,2,156,161000.0,11.9891596439666,11.9891596439666
47,22,1,Operations,BSc,3,170,111000.0,11.617285480294472,11.617285480294472
44,17,0,Sales,BSc,3,147,130000.0,11.77528972943772,11.77528972943772
30,6,0,Sales,BSc,3,190,106000.0,11.571194373094205,11.571194373094205
39,19,2,HR,BSc,2,165,98000.0,11.49272275765271,11.49272275765271
39,19,1,Sales,BSc,4,162,159000.0,11.976659481202368,11.976659481202368
28,7,3,Sales,BSc,4,193,126000.0,11.744037185933616,11.744037185933616
55,35,2,Engineering,BSc,2,151,153000.0,11.938193200374572,11.938193200374572
48,27,14,Engineering,BSc,2,153,176000.0,12.078239274020289,12.078239274020289
37,13,11,Sales,BSc,2,153,126000.0,11.744037185933616,11.744037185933616
40,19,4,Sales,Masters,4,168,187000.0,12.138863895836725,12.138863895836725
42,22,2,Finance,SSCE,3,176,134000.0,11.805595078933049,11.805595078933049
22,2,2,Engineering,SSCE,3,181,96000.0,11.472103470449973,11.472103470449973
37,18,2,Engineering,BSc,2,208,158000.0,11.970350312009105,11.970350312009105
33,13,6,HR,BSc,4,140,124000.0,11.728036844587175,11.728036844587175
29,8,3,Engineering,BSc,3,179,182000.0,12.111761966058932,12.111761966058932
37,18,9,Sales,BSc,4,161,159000.0,11.976659481202368,11.976659481202368
57,34,14,Operations,BSc,4,161,157000.0,11.964001084330445,11.964001084330445
46,21,2,Engineering,Masters,2,160,194000.0,12.175613438045465,12.175613438045465
34,11,4,Engineering,SSCE,2,156,112000.0,11.626254150277232,11.626254150277232
45,20,0,Marketing,Masters,1,195,128000.0,11.759785542901755,11.759785542901755
